0:00,4.13,99.37,978.9,323.54,2.65
0:01,4.1,99.36,978.9,323.54,2.65
0:02,4.17,99.54,978.9200000000001,323.56,2.65
0:03,4.23,99.63,978.9,323.54,2.65
0:04,4.17,99.47,978.95,323.59,2.65
0:05,4.06,99.11,978.96,323.6,2.65
0:06,4.01,98.91,978.9,323.54,2.65
0:07,4.03,99.09,978.88,323.52,2.65
0:08,4.05,99.14,978.87,323.51,2.65
0:09,4.01,99.1,978.87,323.51,2.65
0:10,4.02,99.19,978.84,323.48,2.65
0:11,4.1,99.45,978.87,323.51,2.65
0:12,4.2,99.71,978.89,323.53,2.65
0:13,4.13,99.5,978.84,323.48,2.65
0:14,4.06,99.38,978.85,323.49,2.65
0:15,4.06,99.49,978.8100000000001,323.45,2.65
0:16,4.05,99.37,978.82,323.46,2.65
0:17,3.98,99.23,978.8000000000001,323.44,2.65
0:18,3.92,99.13,978.8100000000001,323.45,2.65
0:19,3.95,99.3,978.8100000000001,323.45,2.65
0:20,3.93,99.27,978.8000000000001,323.44,2.65
0:21,3.86,99.21,978.83,323.47,2.65
0:22,3.75,98.86,978.85,323.49,2.65
0:23,3.68,98.68,978.9,323.54,2.65
0:24,3.65,98.77,978.9,323.54,2.65
0:25,3.71,99.06,978.85,323.49,2.65
0:26,3.72,99.16,978.86,323.5,2.65
0:27,3.7,99.14,978.87,323.51,2.65
0:28,3.7,99.3,978.83,323.47,2.65
0:29,3.6,99.06,978.82,323.46,2.65
0:30,3.49,98.8,978.79,323.43,2.65
0:31,3.38,98.72,978.75,323.39,2.65
0:32,3.36,98.79,978.74,323.38,2.65
0:33,3.4,99.03,978.6800000000001,323.32,2.65
0:34,3.46,99.34,978.64,323.28,2.65
0:35,3.55,99.63,978.62,323.26,2.65
0:36,3.68,99.95,978.62,323.26,2.65
0:37,3.7,99.96,978.59,323.23,2.65
0:38,3.65,99.84,978.5500000000001,323.19,2.65
0:39,3.57,99.66,978.5600000000001,323.2,2.65
0:40,3.49,99.57,978.51,323.15,2.65
0:41,3.5,99.71,978.52,323.16,2.65
0:42,3.44,99.62,978.51,323.15,2.65
0:43,3.41,99.58,978.47,323.11,2.65
0:44,3.33,99.52,978.49,323.13,2.65
0:45,3.3,99.52,978.46,323.1,2.65
0:46,3.27,99.55,978.52,323.16,2.65
0:47,3.31,99.75,978.54,323.18,2.65
0:48,3.36,99.83,978.54,323.18,2.65
0:49,3.37,99.94,978.53,323.17,2.65
0:50,3.4,99.97,978.51,323.15,2.65
0:51,3.43,100,978.46,323.1,2.65
0:52,3.57,100,978.47,323.11,2.65
0:53,3.72,100,978.4300000000001,323.07,2.65
0:54,3.85,100,978.46,323.1,2.65
0:55,3.78,100,978.48,323.12,2.65
0:56,3.61,100,978.44,323.08,2.65
0:57,3.54,99.99,978.48,323.12,2.65
0:58,3.47,99.96,978.49,323.13,2.65
0:59,3.43,99.87,978.49,323.13,2.65
1:00,3.36,99.82,978.44,323.08,2.65
1:01,3.46,100,978.46,323.1,2.65
1:02,3.46,100,978.47,323.11,2.65
1:03,3.5,100,978.44,323.08,2.65
1:04,3.53,100,978.4200000000001,323.06,2.65
1:05,3.5,100,978.39,323.03,2.65
1:06,3.54,100,978.27,322.91,2.65
1:07,3.6,100,978.25,322.89,2.65
1:08,3.74,100,978.21,322.85,2.65
1:09,3.88,100,978.19,322.83,2.65
1:10,3.95,100,978.24,322.88,2.65
1:11,4.01,100,978.26,322.9,2.65
1:12,3.98,100,978.29,322.93,2.65
1:13,3.8,100,978.28,322.92,2.65
1:14,3.72,100,978.25,322.89,2.65
1:15,3.64,100,978.22,322.86,2.65
1:16,3.58,100,978.27,322.91,2.65
1:17,3.57,100,978.22,322.86,2.65
1:18,3.57,100,978.21,322.85,2.65
1:19,3.61,100,978.19,322.83,2.65
1:20,3.65,100,978.2,322.84,2.65
1:21,3.65,100,978.1800000000001,322.82,2.65
1:22,3.71,100,978.1800000000001,322.82,2.65
1:23,3.71,100,978.15,322.79,2.65
1:24,3.71,100,978.19,322.83,2.65
1:25,3.72,100,978.1800000000001,322.82,2.65
1:26,3.75,100,978.14,322.78,2.65
1:27,3.78,100,978.16,322.8,2.65
1:28,3.81,100,978.16,322.8,2.65
1:29,3.84,100,978.16,322.8,2.65
1:30,3.84,100,978.12,322.76,2.65
1:31,3.84,100,978.13,322.77,2.65
1:32,3.82,100,978.12,322.76,2.65
1:33,3.85,100,978.12,322.76,2.65
1:34,3.82,100,978.09,322.73,2.65
1:35,3.81,100,978.12,322.76,2.65
1:36,3.75,100,978.1700000000001,322.81,2.65
1:37,3.72,100,978.1800000000001,322.82,2.65
1:38,3.68,100,978.23,322.87,2.65
1:39,3.55,100,978.22,322.86,2.65
1:40,3.53,100,978.1800000000001,322.82,2.65
1:41,3.55,100,978.25,322.89,2.65
1:42,3.55,100,978.26,322.9,2.65
1:43,3.47,100,978.21,322.85,2.65
1:44,3.46,100,978.27,322.91,2.65
1:45,3.44,100,978.3000000000001,322.94,2.65
1:46,3.41,100,978.25,322.89,2.65
1:47,3.37,100,978.26,322.9,2.65
1:48,3.36,100,978.27,322.91,2.65
1:49,3.34,100,978.3000000000001,322.94,2.65
1:50,3.3,100,978.29,322.93,2.65
1:51,3.33,100,978.33,322.97,2.65
1:52,3.38,100,978.36,323,2.65
1:53,3.38,100,978.35,322.99,2.65
1:54,3.37,100,978.39,323.03,2.65
1:55,3.38,100,978.38,323.02,2.65
1:56,3.4,100,978.34,322.98,2.65
1:57,3.43,100,978.41,323.05,2.65
1:58,3.4,100,978.36,323,2.65
1:59,3.49,100,978.36,323,2.65
2:00,3.53,100,978.33,322.97,2.65
2:01,3.64,100,978.27,322.91,2.65
2:02,3.68,100,978.23,322.87,2.65
2:03,3.71,100,978.19,322.83,2.65
2:04,3.71,100,978.24,322.88,2.65
2:05,3.72,100,978.22,322.86,2.65
2:06,3.74,100,978.28,322.92,2.65
2:07,3.74,100,978.27,322.91,2.65
2:08,3.68,100,978.24,322.88,2.65
2:09,3.61,100,978.2,322.84,2.65
2:10,3.47,100,978.19,322.83,2.65
2:11,3.38,100,978.09,322.73,2.65
2:12,3.34,100,978.1700000000001,322.81,2.65
2:13,3.37,100,978.2,322.84,2.65
2:14,3.37,100,978.19,322.83,2.65
2:15,3.33,100,978.19,322.83,2.65
2:16,3.38,100,978.21,322.85,2.65
2:17,3.49,100,978.14,322.78,2.65
2:18,3.57,100,978.11,322.75,2.65
2:19,3.61,100,978.1700000000001,322.81,2.65
2:20,3.64,100,978.13,322.77,2.65
2:21,3.58,100,978.15,322.79,2.65
2:22,3.47,100,978.1,322.74,2.65
2:23,3.41,100,978.03,322.67,2.64
2:24,3.43,100,977.97,322.61,2.64
2:25,3.41,100,978.04,322.68,2.65
2:26,3.38,100,977.98,322.62,2.64
2:27,3.43,100,977.96,322.6,2.64
2:28,3.41,100,977.94,322.58,2.64
2:29,3.43,100,977.89,322.53,2.64
2:30,3.4,100,977.87,322.51,2.64
2:31,3.38,100,977.84,322.48,2.64
2:32,3.4,100,977.86,322.5,2.64
2:33,3.41,100,977.86,322.5,2.64
2:34,3.4,100,977.84,322.48,2.64
2:35,3.43,100,977.9200000000001,322.56,2.64
2:36,3.4,100,977.91,322.55,2.64
2:37,3.44,100,977.86,322.5,2.64
2:38,3.41,100,977.86,322.5,2.64
2:39,3.46,100,977.83,322.47,2.64
2:40,3.46,100,977.8000000000001,322.44,2.64
2:41,3.49,100,977.77,322.41,2.64
2:42,3.47,100,977.73,322.37,2.64
2:43,3.47,100,977.75,322.39,2.64
2:44,3.47,100,977.71,322.35,2.64
2:45,3.5,100,977.72,322.36,2.64
2:46,3.51,100,977.7,322.34,2.64
2:47,3.53,100,977.7,322.34,2.64
2:48,3.55,100,977.69,322.33,2.64
2:49,3.55,100,977.6800000000001,322.32,2.64
2:50,3.58,100,977.66,322.3,2.64
2:51,3.58,100,977.66,322.3,2.64
2:52,3.6,100,977.66,322.3,2.64
2:53,3.63,100,977.66,322.3,2.64
2:54,3.65,100,977.64,322.28,2.64
2:55,3.72,100,977.6,322.24,2.64
2:56,3.78,100,977.63,322.27,2.64
2:57,3.78,100,977.65,322.29,2.64
2:58,3.84,100,977.5600000000001,322.2,2.64
2:59,3.84,100,977.5500000000001,322.19,2.64
3:00,3.88,100,977.57,322.21,2.64
3:01,3.88,100,977.5500000000001,322.19,2.64
3:02,3.92,100,977.5,322.14,2.64
3:03,3.92,100,977.52,322.16,2.64
3:04,3.96,100,977.48,322.12,2.64
3:05,3.96,100,977.53,322.17,2.64
3:06,3.96,100,977.52,322.16,2.64
3:07,3.84,100,977.5500000000001,322.19,2.64
3:08,3.74,100,977.52,322.16,2.64
3:09,3.67,100,977.52,322.16,2.64
3:10,3.65,100,977.51,322.15,2.64
3:11,3.6,100,977.48,322.12,2.64
3:12,3.5,100,977.4200000000001,322.06,2.64
3:13,3.33,100,977.45,322.09,2.64
3:14,3.05,100,977.36,322,2.64
3:15,2.82,100,977.46,322.1,2.64
3:16,2.68,100,977.46,322.1,2.64
3:17,2.6,100,977.47,322.11,2.64
3:18,2.47,100,977.51,322.15,2.64
3:19,2.43,100,977.52,322.16,2.64
3:20,2.44,100,977.54,322.18,2.64
3:21,2.44,100,977.49,322.13,2.64
3:22,2.44,100,977.48,322.12,2.64
3:23,2.48,100,977.49,322.13,2.64
3:24,2.51,100,977.47,322.11,2.64
3:25,2.54,100,977.44,322.08,2.64
3:26,2.58,100,977.44,322.08,2.64
3:27,2.6,100,977.4,322.04,2.64
3:28,2.63,100,977.46,322.1,2.64
3:29,2.65,100,977.46,322.1,2.64
3:30,2.7,100,977.4300000000001,322.07,2.64
3:31,2.74,100,977.39,322.03,2.64
3:32,2.78,100,977.4,322.04,2.64
3:33,2.82,100,977.4300000000001,322.07,2.64
3:34,2.9,100,977.38,322.02,2.64
3:35,2.98,100,977.4200000000001,322.06,2.64
3:36,3.01,100,977.4,322.04,2.64
3:37,3.13,100,977.4300000000001,322.07,2.64
3:38,3.22,100,977.4,322.04,2.64
3:39,3.27,100,977.36,322,2.64
3:40,3.3,100,977.39,322.03,2.64
3:41,3.34,100,977.36,322,2.64
3:42,3.37,100,977.33,321.97,2.64
3:43,3.37,100,977.36,322,2.64
3:44,3.37,100,977.38,322.02,2.64
3:45,3.37,100,977.37,322.01,2.64
3:46,3.4,100,977.34,321.98,2.64
3:47,3.4,100,977.39,322.03,2.64
3:48,3.4,100,977.35,321.99,2.64
3:49,3.4,100,977.39,322.03,2.64
3:50,3.4,100,977.37,322.01,2.64
3:51,3.38,100,977.39,322.03,2.64
3:52,3.43,100,977.39,322.03,2.64
3:53,3.44,100,977.38,322.02,2.64
3:54,3.46,100,977.36,322,2.64
3:55,3.46,100,977.37,322.01,2.64
3:56,3.49,100,977.33,321.97,2.64
3:57,3.51,100,977.34,321.98,2.64
3:58,3.57,100,977.33,321.97,2.64
3:59,3.58,100,977.34,321.98,2.64
4:00,3.61,100,977.38,322.02,2.64
4:01,3.63,100,977.39,322.03,2.64
4:02,3.67,100,977.38,322.02,2.64
4:03,3.67,100,977.34,321.98,2.64
4:04,3.68,100,977.38,322.02,2.64
4:05,3.67,100,977.38,322.02,2.64
4:06,3.67,100,977.34,321.98,2.64
4:07,3.65,100,977.28,321.92,2.64
4:08,3.65,100,977.27,321.91,2.64
4:09,3.61,100,977.3100000000001,321.95,2.64
4:10,3.6,100,977.3100000000001,321.95,2.64
4:11,3.6,100,977.35,321.99,2.64
4:12,3.6,100,977.33,321.97,2.64
4:13,3.58,100,977.33,321.97,2.64
4:14,3.54,100,977.34,321.98,2.64
4:15,3.54,100,977.37,322.01,2.64
4:16,3.58,100,977.36,322,2.64
4:17,3.54,100,977.37,322.01,2.64
4:18,3.55,100,977.36,322,2.64
4:19,3.57,100,977.34,321.98,2.64
4:20,3.57,100,977.38,322.02,2.64
4:21,3.57,100,977.36,322,2.64
4:22,3.55,100,977.35,321.99,2.64
4:23,3.57,100,977.35,321.99,2.64
4:24,3.55,100,977.4,322.04,2.64
4:25,3.49,100,977.39,322.03,2.64
4:26,3.41,100,977.34,321.98,2.64
4:27,3.38,100,977.3000000000001,321.94,2.64
4:28,3.4,100,977.27,321.91,2.64
4:29,3.4,100,977.28,321.92,2.64
4:30,3.38,100,977.22,321.86,2.64
4:31,3.36,100,977.26,321.9,2.64
4:32,3.36,100,977.26,321.9,2.64
4:33,3.37,100,977.28,321.92,2.64
4:34,3.36,100,977.29,321.93,2.64
4:35,3.36,100,977.3100000000001,321.95,2.64
4:36,3.36,100,977.34,321.98,2.64
4:37,3.37,100,977.41,322.05,2.64
4:38,3.38,100,977.4300000000001,322.07,2.64
4:39,3.41,100,977.49,322.13,2.64
4:40,3.43,100,977.47,322.11,2.64
4:41,3.44,100,977.47,322.11,2.64
4:42,3.44,100,977.47,322.11,2.64
4:43,3.47,100,977.46,322.1,2.64
4:44,3.46,100,977.45,322.09,2.64
4:45,3.44,100,977.48,322.12,2.64
4:46,3.47,100,977.49,322.13,2.64
4:47,3.44,100,977.48,322.12,2.64
4:48,3.44,100,977.44,322.08,2.64
4:49,3.46,100,977.37,322.01,2.64
4:50,3.43,100,977.35,321.99,2.64
4:51,3.41,100,977.37,322.01,2.64
4:52,3.43,100,977.27,321.91,2.64
4:53,3.41,100,977.29,321.93,2.64
4:54,3.43,100,977.25,321.89,2.64
4:55,3.44,100,977.24,321.88,2.64
4:56,3.43,100,977.2,321.84,2.64
4:57,3.41,100,977.16,321.8,2.64
4:58,3.38,100,977.1700000000001,321.81,2.64
4:59,3.34,100,977.16,321.8,2.64
5:00,3.38,100,977.23,321.87,2.64
5:01,3.34,100,977.21,321.85,2.64
5:02,3.37,100,977.25,321.89,2.64
5:03,3.37,100,977.22,321.86,2.64
5:04,3.34,100,977.19,321.83,2.64
5:05,3.33,100,977.19,321.83,2.64
5:06,3.33,100,977.23,321.87,2.64
5:07,3.31,100,977.23,321.87,2.64
5:08,3.33,100,977.2,321.84,2.64
5:09,3.33,100,977.1800000000001,321.82,2.64
5:10,3.36,100,977.19,321.83,2.64
5:11,3.36,100,977.2,321.84,2.64
5:12,3.36,100,977.14,321.78,2.64
5:13,3.36,100,977.1800000000001,321.82,2.64
5:14,3.4,100,977.07,321.71,2.64
5:15,3.41,100,977.1,321.74,2.64
5:16,3.43,100,977.02,321.66,2.64
5:17,3.41,100,977,321.64,2.64
5:18,3.41,100,976.98,321.62,2.64
5:19,3.41,100,976.97,321.61,2.64
5:20,3.44,100,976.9300000000001,321.57,2.64
5:21,3.46,100,976.98,321.62,2.64
5:22,3.44,100,976.99,321.63,2.64
5:23,3.49,100,976.96,321.6,2.64
5:24,3.53,100,976.96,321.6,2.64
5:25,3.53,100,976.95,321.59,2.64
5:26,3.54,100,976.9300000000001,321.57,2.64
5:27,3.51,100,976.9300000000001,321.57,2.64
5:28,3.58,100,976.88,321.52,2.64
5:29,3.57,100,976.89,321.53,2.64
5:30,3.57,100,976.9200000000001,321.56,2.64
5:31,3.57,100,976.89,321.53,2.64
5:32,3.6,100,976.88,321.52,2.64
5:33,3.58,100,976.91,321.55,2.64
5:34,3.55,100,976.9300000000001,321.57,2.64
5:35,3.57,100,976.94,321.58,2.64
5:36,3.54,100,976.94,321.58,2.64
5:37,3.53,100,976.99,321.63,2.64
5:38,3.51,100,976.97,321.61,2.64
5:39,3.51,100,976.9300000000001,321.57,2.64
5:40,3.5,100,976.9300000000001,321.57,2.64
5:41,3.44,100,976.91,321.55,2.64
5:42,3.41,100,976.86,321.5,2.64
5:43,3.34,100,976.85,321.49,2.64
5:44,3.36,100,976.8100000000001,321.45,2.63
5:45,3.3,100,976.82,321.46,2.64
5:46,3.29,100,976.86,321.5,2.64
5:47,3.25,100,976.85,321.49,2.64
5:48,3.16,100,976.8100000000001,321.45,2.63
5:49,3.13,100,976.78,321.42,2.63
5:50,3.13,100,976.82,321.46,2.64
5:51,3.1,100,976.8100000000001,321.45,2.63
5:52,3.1,100,976.78,321.42,2.63
5:53,3.13,100,976.79,321.43,2.63
5:54,3.12,100,976.8000000000001,321.44,2.63
5:55,3.12,100,976.83,321.47,2.64
5:56,3.09,100,976.89,321.53,2.64
5:57,3.06,100,976.91,321.55,2.64
5:58,3.06,100,976.88,321.52,2.64
5:59,3.06,100,976.9,321.54,2.64
6:00,3.01,100,976.9300000000001,321.57,2.64
6:01,3.01,100,976.94,321.58,2.64
6:02,2.99,100,976.9,321.54,2.64
6:03,3.02,100,976.83,321.47,2.64
6:04,3.03,100,976.77,321.41,2.63
6:05,3.02,100,976.77,321.41,2.63
6:06,3.03,100,976.82,321.46,2.64
6:07,3.05,100,976.82,321.46,2.64
6:08,3.08,100,976.88,321.52,2.64
6:09,3.06,100,976.89,321.53,2.64
6:10,3.09,100,976.88,321.52,2.64
6:11,3.12,100,976.9300000000001,321.57,2.64
6:12,3.08,100,976.95,321.59,2.64
6:13,3.09,100,976.88,321.52,2.64
6:14,3.06,100,976.84,321.48,2.64
6:15,3.08,100,976.86,321.5,2.64
6:16,3.08,100,976.84,321.48,2.64
6:17,3.09,100,976.82,321.46,2.64
6:18,3.05,100,976.85,321.49,2.64
6:19,3.12,100,976.79,321.43,2.63
6:20,3.08,100,976.73,321.37,2.63
6:21,3.06,100,976.71,321.35,2.63
6:22,3.09,100,976.76,321.4,2.63
6:23,3.1,100,976.74,321.38,2.63
6:24,3.08,100,976.78,321.42,2.63
6:25,3.06,100,976.75,321.39,2.63
6:26,3.09,100,976.72,321.36,2.63
6:27,3.08,100,976.72,321.36,2.63
6:28,3.06,100,976.74,321.38,2.63
6:29,3.05,100,976.66,321.3,2.63
6:30,3.09,100,976.65,321.29,2.63
6:31,3.09,100,976.63,321.27,2.63
6:32,3.09,100,976.66,321.3,2.63
6:33,3.12,100,976.63,321.27,2.63
6:34,3.13,100,976.63,321.27,2.63
6:35,3.12,100,976.61,321.25,2.63
6:36,3.13,100,976.58,321.22,2.63
6:37,3.1,100,976.61,321.25,2.63
6:38,3.1,100,976.62,321.26,2.63
6:39,3.1,100,976.7,321.34,2.63
6:40,3.1,100,976.66,321.3,2.63
6:41,3.1,100,976.63,321.27,2.63
6:42,3.13,100,976.6,321.24,2.63
6:43,3.13,100,976.5500000000001,321.19,2.63
6:44,3.13,100,976.57,321.21,2.63
6:45,3.12,100,976.64,321.28,2.63
6:46,3.12,100,976.66,321.3,2.63
6:47,3.13,100,976.73,321.37,2.63
6:48,3.09,100,976.77,321.41,2.63
6:49,3.13,100,976.77,321.41,2.63
6:50,3.12,100,976.8000000000001,321.44,2.63
6:51,3.13,100,976.8000000000001,321.44,2.63
6:52,3.15,100,976.82,321.46,2.64
6:53,3.12,100,976.82,321.46,2.64
6:54,3.1,100,976.79,321.43,2.63
6:55,3.12,100,976.83,321.47,2.64
6:56,3.1,100,976.78,321.42,2.63
6:57,3.1,100,976.78,321.42,2.63
6:58,3.12,100,976.76,321.4,2.63
6:59,3.15,100,976.76,321.4,2.63
7:00,3.15,100,976.76,321.4,2.63
7:01,3.16,100,976.76,321.4,2.63
7:02,3.15,100,976.79,321.43,2.63
7:03,3.15,100,976.82,321.46,2.64
7:04,3.15,100,976.86,321.5,2.64
7:05,3.12,100,976.87,321.51,2.64
7:06,3.16,100,976.89,321.53,2.64
7:07,3.15,100,976.9,321.54,2.64
7:08,3.18,100,976.9300000000001,321.57,2.64
7:09,3.2,100,976.97,321.61,2.64
7:10,3.18,100,976.99,321.63,2.64
7:11,3.19,100,977.01,321.65,2.64
7:12,3.16,100,977.0500000000001,321.69,2.64
7:13,3.18,100,977.0600000000001,321.7,2.64
7:14,3.15,100,977.08,321.72,2.64
7:15,3.16,100,977.09,321.73,2.64
7:16,3.18,100,977.0500000000001,321.69,2.64
7:17,3.16,100,977.0500000000001,321.69,2.64
7:18,3.18,100,977.0600000000001,321.7,2.64
7:19,3.18,100,977.08,321.72,2.64
7:20,3.18,100,977.12,321.76,2.64
7:21,3.18,100,977.13,321.77,2.64
7:22,3.18,100,977.07,321.71,2.64
7:23,3.2,100,977.11,321.75,2.64
7:24,3.2,100,977.08,977.08,8.01
7:25,3.2,100,977.0600000000001,977.06,8.01
7:26,3.23,100,977.1,977.1,8.01
7:27,3.22,100,977.0500000000001,977.05,8.01
7:28,3.2,100,977.0500000000001,1632.41,13.38
7:29,3.22,100,977.04,1632.4,13.38
7:30,3.25,100,977.04,2287.76,18.75
7:31,3.23,100,977.12,4253.92,34.87
7:32,3.27,100,977.15,4253.95,34.87
7:33,3.26,100,977.1700000000001,4253.97,34.87
7:34,3.29,100,977.15,4253.95,34.87
7:35,3.31,100,977.1,4253.9,34.87
7:36,3.33,100,977.11,4909.27,40.24
7:37,3.36,100,977.12,4909.28,40.24
7:38,3.34,100,977.11,4909.27,40.24
7:39,3.33,100,977.11,5564.63,45.61
7:40,3.37,100,977.11,5564.63,45.61
7:41,3.36,100,977.12,6220,50.99
7:42,3.37,100,977.02,6875.26,56.36
7:43,3.36,100,977.07,7530.67,61.73
7:44,3.37,100,977.0500000000001,8186.01,67.1
7:45,3.37,100,977.03,8841.35,72.47
7:46,3.38,100,976.99,10152.03,83.22
7:47,3.38,100,976.95,10807.35,88.59
7:48,3.4,100,976.97,11462.73,93.96
7:49,3.38,100,977.01,11462.77,93.96
7:50,3.41,100,977.03,12118.15,99.33
7:51,3.43,100,977,12773.48,104.7
7:52,3.44,100,977,13428.84,110.08
7:54,3.46,100,977.01,14739.57,120.82
7:55,3.5,100,977.0500000000001,15394.97,126.19
7:56,3.47,100,977.0500000000001,15394.97,126.19
7:57,3.5,100,977.0500000000001,16050.33,131.56
7:58,3.51,100,976.98,16050.26,131.56
7:59,3.53,100,977,16705.64,136.94
8:00,3.55,100,977.02,17361.02,142.31
8:01,3.5,100,977.03,17361.03,142.31
8:02,3.5,100,977.01,18671.73,153.05
8:03,3.53,100,976.99,20637.79,169.17
8:04,3.55,100,976.96,21948.48,179.91
8:05,3.57,100,976.94,23259.18,190.66
8:10,3.65,100,976.84,24569.8,201.4
8:11,3.64,100,976.87,24569.83,201.4
8:16,3.77,100,976.99,21948.51,179.91
8:17,3.8,100,976.99,21293.15,174.54
8:18,3.78,100,976.98,20637.78,169.17
8:19,3.81,100,977,19982.44,163.8
8:20,3.81,100,976.99,18671.71,153.05
8:21,3.84,100,977.04,18016.4,147.68
8:22,3.86,100,977.0500000000001,16705.69,136.94
8:23,3.85,100,977.0600000000001,15394.98,126.19
8:24,3.86,100,977.08,14739.64,120.82
8:25,3.88,100,977.09,14084.29,115.45
8:26,3.85,100,977.0500000000001,13428.89,110.08
8:27,3.82,100,977.04,13428.88,110.08
8:28,3.74,100,977,14084.2,115.45
8:29,3.68,100,976.99,14084.19,115.45
8:30,3.65,100,977,13428.84,110.08
8:31,3.61,100,977.04,12118.16,99.33
8:32,3.58,100,977.08,12118.2,99.33
8:33,3.55,100,977.1,11462.86,93.96
8:34,3.55,100,977.14,11462.9,93.96
8:35,3.54,100,977.16,11462.92,93.96
8:36,3.51,100,977.21,12118.33,99.33
8:37,3.51,100,977.24,12118.36,99.33
8:38,3.49,100,977.29,12773.77,104.71
8:39,3.47,100,977.3100000000001,14084.51,115.45
8:40,3.46,100,977.35,15395.27,126.2
8:41,3.47,100,977.37,16050.65,131.57
8:42,3.46,100,977.37,16706.01,136.94
8:43,3.43,100,977.4200000000001,16706.06,136.94
8:44,3.43,100,977.39,17361.39,142.31
8:45,3.44,100,977.44,18016.8,147.68
8:46,3.44,100,977.44,18016.8,147.68
8:47,3.49,100,977.44,19327.52,158.43
8:48,3.46,100,977.41,19982.85,163.8
8:49,3.46,100,977.4,19982.84,163.8
8:50,3.43,100,977.36,20638.16,169.17
8:51,3.47,100,977.4,21293.56,174.54
8:52,3.46,100,977.45,20638.25,169.17
8:53,3.49,100,977.46,19982.9,163.8
8:54,3.49,100,977.49,19982.93,163.8
8:55,3.51,100,977.48,21293.64,174.54
8:56,3.55,100,977.48,24570.44,201.4
8:57,3.57,100,977.44,27847.2,228.26
8:58,3.58,100,977.44,29813.28,244.38
8:59,3.55,100,977.45,31124.01,255.12
9:00,3.58,100,977.5,31779.42,260.5
9:01,3.6,100,977.48,34400.84,281.98
9:02,3.61,100,977.48,38333,314.22
9:03,3.64,100,977.49,43575.89,357.19
9:04,3.61,100,977.4300000000001,50129.43,410.91
9:05,3.6,100,977.41,54716.93,448.51
9:06,3.61,100,977.46,59304.5,486.12
9:07,3.6,100,977.46,63892.02,523.72
9:08,3.58,100,977.4300000000001,68479.51,561.33
9:09,3.61,100,977.45,73067.05,598.93
9:10,3.7,100,977.4,75033.08,615.05
9:11,3.7,100,977.41,74377.73,609.67
9:12,3.72,100,977.41,72411.65,593.56
9:13,3.7,100,977.41,71100.93,582.81
9:14,3.71,100,977.41,71756.29,588.19
9:15,3.77,100,977.4,72411.64,593.56
9:16,3.74,100,977.4,73722.36,604.3
9:17,3.7,100,977.38,75688.42,620.42
9:18,3.74,100,977.39,77654.51,636.53
9:19,3.74,100,977.38,78309.86,641.91
9:20,3.74,100,977.35,80275.91,658.02
9:21,3.72,100,977.34,80275.9,658.02
9:22,3.72,100,977.39,77654.51,636.53
9:23,3.75,100,977.36,76999.12,631.16
9:24,3.77,100,977.36,76999.12,631.16
9:25,3.75,100,977.37,76999.13,631.16
9:26,3.77,100,977.38,73722.34,604.3
9:27,3.75,100,977.37,69134.81,566.7
9:28,3.81,100,977.4,64547.32,529.09
9:29,3.85,100,977.45,61270.57,502.23
9:30,3.86,100,977.44,59304.48,486.12
9:31,3.88,100,977.4200000000001,59304.46,486.12
9:32,3.86,100,977.4300000000001,59304.47,486.12
9:33,3.86,100,977.44,59304.48,486.12
9:34,3.86,100,977.47,58649.15,480.75
9:35,3.88,100,977.44,57338.4,470
9:36,3.89,100,977.4300000000001,57338.39,470
9:37,3.89,100,977.45,57338.41,470
9:38,3.88,100,977.45,56683.05,464.63
9:39,3.86,100,977.44,54061.6,443.14
9:40,3.84,100,977.51,52095.59,427.03
9:41,3.8,100,977.46,48818.74,400.17
9:42,3.78,100,977.48,45541.96,373.31
9:43,3.8,100,977.49,43575.89,357.19
9:44,3.81,100,977.48,43575.88,357.19
9:45,3.8,100,977.45,43575.85,357.19
9:46,3.84,100,977.46,43575.86,357.19
9:47,3.86,100,977.44,42265.12,346.45
9:48,3.85,100,977.49,41609.81,341.08
9:49,3.88,100,977.4300000000001,42265.11,346.45
9:50,3.88,100,977.46,42265.14,346.45
9:51,3.89,100,977.4300000000001,42920.47,351.82
9:52,3.92,100,977.41,44886.53,367.93
9:53,3.89,100,977.44,47508,389.42
9:54,3.88,100,977.46,47508.02,389.42
9:55,3.88,100,977.41,48163.33,394.79
9:56,3.86,100,977.46,50129.46,410.91
9:57,3.88,100,977.48,52095.56,427.03
9:58,3.91,100,977.45,54716.97,448.52
9:59,3.91,100,977.45,56683.05,464.63
10:00,3.93,100,977.47,56027.71,459.26
10:01,3.96,100,977.47,56683.07,464.63
10:02,3.93,100,977.46,59304.5,486.12
10:03,3.98,100,977.5,62581.34,512.98
10:04,3.96,100,977.5,65858.14,539.84
10:05,3.96,100,977.49,67168.85,550.58
10:06,3.95,100,977.46,69134.9,566.7
10:07,3.99,100,977.46,72411.7,593.56
10:08,4.01,100,977.47,76343.87,625.79
10:09,4.02,100,977.48,78965.32,647.28
10:10,4.03,100,977.46,81586.74,668.77
10:11,4.01,100,977.44,85518.88,701
10:12,4.01,100,977.44,92072.48,754.72
10:13,4.01,100,977.4300000000001,94038.55,770.83
10:14,4.03,100,977.44,92727.84,760.09
10:15,4.08,100,977.44,92727.84,760.09
10:16,4.09,100,977.4,96004.6,786.95
10:17,4.13,100,977.39,100592.11,824.55
10:18,4.19,100,977.39,105179.63,862.16
10:19,4.2,100,977.37,107145.69,878.27
10:20,4.24,100,977.37,107145.69,878.27
10:21,4.26,100,977.29,108456.33,889.02
10:22,4.3,100,977.26,109111.66,894.39
10:23,4.35,100,977.22,110422.34,905.13
10:24,4.36,100,977.22,111077.7,910.5
10:25,4.36,100,977.22,111077.7,910.5
10:26,4.39,100,977.22,111077.7,910.5
10:27,4.37,100,977.2,112388.4,921.25
10:28,4.37,100,977.24,111733.08,915.88
10:29,4.39,100,977.21,108456.25,889.02
10:30,4.4,100,977.21,103868.73,851.41
10:31,4.4,100,977.25,100591.97,824.55
10:32,4.46,100,977.23,98625.87,808.44
10:33,4.41,100,977.23,96659.79,792.32
10:34,4.41,100,977.27,96004.47,786.95
10:35,4.41,100,977.23,97315.15,797.69
10:36,4.41,100,977.24,100591.96,824.55
10:37,4.48,100,977.16,105834.76,867.53
10:38,4.51,100,977.1,113043.66,926.62
10:39,4.6,100,977.15,122218.75,1001.83
10:40,4.63,100,977.11,132049.11,1082.41
10:41,4.57,100,977.0600000000001,138602.66,1136.13
10:42,4.58,100,977.03,143190.15,1173.73
10:43,4.55,100,977.01,143190.13,1173.73
10:44,4.54,100,977.03,139913.35,1146.87
10:45,4.58,100,977,137947.24,1130.75
10:46,4.63,100,976.98,138602.58,1136.13
10:47,4.68,100,976.9200000000001,145156.12,1189.84
10:48,4.67,100,976.9300000000001,149743.65,1227.45
10:49,4.65,100,976.9,151054.34,1238.19
10:50,4.67,100,976.84,151054.28,1238.19
10:51,4.65,100,976.85,149088.21,1222.08
10:52,4.71,100,976.85,145811.41,1195.22
10:53,4.72,100,976.85,141223.89,1157.61
10:54,4.72,100,976.87,136636.39,1120.01
10:55,4.75,100,976.87,135981.03,1114.64
10:56,4.78,100,976.87,134014.95,1098.52
10:57,4.76,100,976.85,132704.21,1087.78
10:58,4.84,100,976.83,132704.19,1087.78
10:59,4.84,100,976.8000000000001,136636.32,1120.01
11:00,4.85,100,976.74,141879.14,1162.98
11:01,4.84,100,976.77,147122.05,1205.96
11:02,4.93,100,976.71,151054.15,1238.19
11:03,4.95,100,976.74,155641.7,1275.8
11:04,4.95,100,976.71,160884.55,1318.77
11:05,4.98,100,976.74,164816.74,1351
11:06,4.99,100,976.69,166782.77,1367.12
11:07,5.06,100,976.66,168748.82,1383.23
11:08,5.1,100,976.6800000000001,172681,1415.47
11:09,5.1,100,976.63,175957.75,1442.33
11:10,5.09,100,976.64,174647.04,1431.58
11:11,5.1,100,976.62,170059.5,1393.98
11:12,5.19,100,976.66,164816.66,1351
11:13,5.18,100,976.61,160884.45,1318.77
11:14,5.2,100,976.58,160884.42,1318.77
11:15,5.25,100,976.5500000000001,164161.19,1345.63
11:16,5.26,100,976.5500000000001,168093.35,1377.86
11:17,5.19,100,976.5,170714.74,1399.35
11:18,5.15,100,976.52,166782.6,1367.12
11:19,5.09,100,976.53,170714.77,1399.35
11:20,5.1,100,976.46,172680.78,1415.46
11:21,5.16,100,976.44,175957.56,1442.32
11:22,5.13,100,976.41,177268.25,1453.07
11:23,5.15,100,976.39,181200.39,1485.3
11:24,5.18,100,976.32,187098.56,1533.65
11:25,5.18,100,976.3100000000001,192996.79,1581.99
11:26,5.25,100,976.26,200205.7,1641.09
11:27,5.27,100,976.25,202827.13,1662.57
11:28,5.29,100,976.27,202827.15,1662.57
11:29,5.27,100,976.1800000000001,200860.98,1646.46
11:30,5.29,100,976.1700000000001,198239.53,1624.97
11:31,5.31,100,976.21,193652.05,1587.37
11:32,5.33,100,976.16,187098.4,1533.65
11:33,5.34,100,976.1800000000001,177923.38,1458.44
11:34,5.37,100,976.19,166782.27,1367.11
11:35,5.4,100,976.1700000000001,155641.13,1275.79
11:36,5.44,100,976.15,145810.71,1195.21
11:37,5.51,100,976.0600000000001,139912.38,1146.86
11:38,5.48,100,976.11,134669.55,1103.89
11:39,5.43,100,976.04,130081.96,1066.28
11:40,5.37,100,976.08,128115.92,1050.17
11:41,5.31,100,976.08,128115.92,1050.17
11:42,5.36,100,976.0500000000001,130081.97,1066.28
11:43,5.38,100,976.03,130737.31,1071.65
11:44,5.44,100,975.98,132047.98,1082.4
11:45,5.47,100,976,130081.92,1066.28
11:46,5.5,100,975.98,125494.38,1028.68
11:47,5.44,100,976,120906.88,991.07
11:48,5.46,100,975.98,122217.58,1001.82
11:49,5.46,100,975.96,126805.08,1039.42
11:50,5.41,100,975.94,132047.94,1082.4
11:51,5.43,100,975.9300000000001,134669.37,1103.88
11:52,5.4,100,975.9,134013.98,1098.51
11:53,5.4,100,975.88,129426.44,1060.91
11:54,5.47,100,975.9,124183.58,1017.93
11:55,5.46,100,975.86,121562.1,996.44
11:56,5.47,100,975.85,117629.93,964.21
11:57,5.48,100,975.84,113697.76,931.98
11:58,5.44,100,975.8000000000001,114353.08,937.35
11:59,5.46,100,975.8100000000001,115008.45,942.72
12:00,5.47,100,975.8000000000001,107144.12,878.26
12:01,5.47,100,975.83,97969.11,803.05
12:02,5.57,100,975.8100000000001,91415.49,749.33
12:03,5.54,100,975.84,88138.72,722.47
12:04,5.55,100,975.83,87483.35,717.1
12:05,5.57,100,975.86,88138.74,722.47
12:06,5.55,100,975.82,93381.58,765.45
12:07,5.57,100,975.78,100590.5,824.54
12:08,5.53,100,975.71,104522.59,856.77
12:09,5.58,100,975.74,105833.34,867.52
12:10,5.58,100,975.7,109110.1,894.38
12:11,5.61,100,975.7,113042.26,926.61
12:12,5.57,100,975.6700000000001,117629.75,964.21
12:13,5.64,100,975.6700000000001,124183.35,1017.93
12:14,5.6,100,975.65,128770.85,1055.53
12:15,5.57,100,975.64,128770.84,1055.53
12:16,5.58,100,975.63,126149.39,1034.05
12:17,5.61,100,975.57,121561.81,996.44
12:18,5.57,100,975.6,117629.68,964.21
12:19,5.58,100,975.59,114352.87,937.35
12:20,5.57,100,975.5600000000001,111076.04,910.49
12:21,5.54,100,975.57,108454.61,889
12:22,5.58,100,975.6,107799.28,883.63
12:23,5.54,100,975.57,107143.89,878.26
12:24,5.54,100,975.5500000000001,105177.79,862.14
12:25,5.51,100,975.54,104522.42,856.77
12:26,5.55,100,975.51,104522.39,856.77
12:27,5.55,100,975.5,103211.66,846.03
12:28,5.57,100,975.52,101900.96,835.28
12:29,5.58,100,975.48,101245.56,829.91
12:30,5.61,100,975.5,101245.58,829.91
12:31,5.65,100,975.47,100590.19,824.54
12:32,5.65,100,975.44,97968.72,803.05
12:33,5.64,100,975.4300000000001,96002.63,786.93
12:34,5.62,100,975.5,93381.26,765.45
12:35,5.67,100,975.44,90104.4,738.59
12:36,5.65,100,975.53,87483.05,717.1
12:37,5.65,100,975.52,84861.6,695.61
12:38,5.64,100,975.54,82895.54,679.49
12:39,5.62,100,975.5500000000001,83550.91,684.87
12:40,5.6,100,975.52,87483.04,717.1
12:41,5.65,100,975.52,93381.28,765.45
12:42,5.67,100,975.41,100590.13,824.54
12:43,5.68,100,975.4300000000001,107799.11,883.63
12:44,5.69,100,975.44,111731.28,915.86
12:45,5.72,100,975.41,112386.61,921.23
12:46,5.74,100,975.39,112386.59,921.23
12:47,5.79,100,975.37,113697.29,931.98
12:48,5.84,100,975.33,115663.33,948.09
12:49,5.82,100,975.35,120906.23,991.07
12:50,5.84,100,975.3100000000001,126149.07,1034.04
12:51,5.81,100,975.32,132047.32,1082.39
12:52,5.81,100,975.32,135979.48,1114.62
12:53,5.81,100,975.3100000000001,136634.83,1120
12:54,5.82,100,975.28,134013.36,1098.51
12:55,5.82,100,975.29,130081.21,1066.28
12:56,5.84,100,975.29,125493.69,1028.67
12:57,5.85,100,975.26,122216.86,1001.81
12:58,5.88,100,975.28,116974,958.84
12:59,5.92,100,975.25,110420.37,905.12
13:00,5.98,100,975.27,102556.07,840.65
13:01,5.99,100,975.28,96002.48,786.93
13:02,5.99,100,975.22,88793.46,727.84
13:03,5.96,100,975.22,83550.58,684.86
13:04,6.02,100,975.1800000000001,81584.46,668.75
13:05,5.98,100,975.2,86172,706.35
13:06,5.96,100,975.16,99279.16,813.79
13:07,5.96,100,975.16,113041.72,926.6
13:08,5.95,100,975.15,121561.39,996.44
13:09,5.98,100,975.0600000000001,122216.66,1001.81
13:10,5.96,100,975.09,115663.09,948.09
13:11,6.06,100,975.0500000000001,109109.45,894.37
13:12,5.99,100,975.08,115663.08,948.09
13:13,5.95,100,975.03,124182.71,1017.93
13:14,5.98,100,975.02,126804.14,1039.41
13:15,5.91,100,974.96,119595.12,980.32
13:16,5.92,100,974.94,106487.9,872.88
13:17,5.98,100,974.95,106487.91,872.88
13:18,5.86,100,974.89,114352.17,937.34
13:19,5.86,100,974.9,120905.78,991.06
13:20,5.91,100,974.85,124182.53,1017.92
13:21,5.92,100,974.85,130080.77,1066.27
13:22,5.85,100,974.83,129425.39,1060.9
13:23,5.82,100,974.85,132046.85,1082.39
13:24,5.88,100,974.83,130080.75,1066.27
13:25,5.88,100,974.84,126803.96,1039.41
13:26,5.92,100,974.83,118939.63,974.95
13:27,5.92,100,974.85,111075.33,910.48
13:28,5.92,100,974.88,105832.48,867.51
13:29,5.89,100,974.86,98623.5,808.42
13:30,5.92,100,974.9300000000001,88137.81,722.47
13:31,5.99,100,974.89,78307.37,641.89
13:32,6.01,100,974.88,76341.28,625.77
13:33,5.91,100,974.94,76996.7,631.14
13:34,5.93,100,974.89,75030.57,615.03
13:35,5.92,100,974.89,71753.77,588.17
13:36,5.91,100,974.9,65855.54,539.82
13:37,5.88,100,974.9,61268.02,502.21
13:38,5.85,100,974.9,60612.66,496.84
13:39,5.79,100,974.9,61923.38,507.59
13:40,5.81,100,974.91,67166.27,550.56
13:41,5.81,100,974.87,68476.95,561.31
13:42,5.78,100,974.87,67166.23,550.56
13:43,5.84,100,974.84,65200.12,534.45
13:44,5.84,100,974.83,67166.19,550.56
13:45,5.85,100,974.79,71098.31,582.79
13:46,5.89,100,974.75,75030.43,615.02
13:47,5.85,100,974.65,75030.33,615.02
13:48,5.86,100,974.59,65855.23,539.82
13:49,5.91,100,974.5500000000001,67165.91,550.56
13:50,5.98,100,974.49,76996.25,631.14
13:51,5.93,100,974.48,74374.8,609.65
13:52,5.98,100,974.57,69787.37,572.05
13:53,5.89,100,974.57,73064.17,598.91
13:54,5.86,100,974.59,71753.47,588.16
13:55,5.88,100,974.64,67166,550.56
13:56,5.86,100,974.64,59301.68,486.1
13:57,5.88,100,974.6800000000001,59301.72,486.1
13:58,5.82,100,974.64,56680.24,464.61
13:59,5.85,100,974.64,55369.52,453.86
14:00,5.89,100,974.62,54714.14,448.49
14:01,5.86,100,974.6,55369.48,453.86
14:02,5.85,100,974.61,56024.85,459.24
14:03,5.84,100,974.6,54714.12,448.49
14:04,5.84,100,974.6,54058.76,443.12
14:05,5.84,100,974.57,53403.37,437.75
14:06,5.84,100,974.59,52748.03,432.38
14:07,5.85,100,974.59,52092.67,427
14:08,5.84,100,974.58,50781.94,416.26
14:09,5.82,100,974.62,49471.26,405.52
14:10,5.74,100,974.62,45539.1,373.28
14:11,5.75,100,974.65,42917.69,351.8
14:12,5.74,100,974.7,42262.38,346.42
14:13,5.75,100,974.6700000000001,44883.79,367.91
14:14,5.78,100,974.66,48815.94,400.14
14:15,5.76,100,974.62,56024.86,459.24
14:16,5.75,100,974.5600000000001,65199.84,534.44
14:17,5.78,100,974.5500000000001,71753.43,588.16
14:18,5.82,100,974.53,75685.57,620.39
14:19,5.81,100,974.5,80273.06,658
14:20,5.82,100,974.51,84205.23,690.23
14:21,5.81,100,974.45,86171.25,706.35
14:22,5.85,100,974.44,88137.32,722.46
14:23,5.85,100,974.46,88137.34,722.46
14:24,5.84,100,974.4300000000001,92069.47,754.69
14:25,5.88,100,974.45,94690.93,776.18
14:26,5.89,100,974.48,92724.88,760.07
14:27,5.86,100,974.51,88792.75,727.83
14:28,5.86,100,974.5,85515.94,700.97
14:29,5.88,100,974.53,78307.01,641.88
14:30,5.86,100,974.53,71098.05,582.79
14:31,5.92,100,974.54,65855.18,539.81
14:32,5.88,100,974.5500000000001,59301.59,486.1
14:33,5.88,100,974.53,55369.41,453.86
14:34,5.93,100,974.54,49471.18,405.52
14:35,5.98,100,974.5600000000001,46849.76,384.03
14:36,6.03,100,974.5500000000001,42917.59,351.8
14:37,6.02,100,974.57,36364.01,298.08
14:38,6.01,100,974.6,33742.6,276.59
14:39,5.99,100,974.61,31121.17,255.1
14:40,5.92,100,974.64,28499.76,233.61
14:41,5.93,100,974.62,26533.66,217.5
14:42,5.93,100,974.62,26533.66,217.5
14:43,5.99,100,974.63,28499.75,233.61
14:44,5.98,100,974.64,29155.12,238.98
14:45,5.95,100,974.62,28499.74,233.61
14:46,5.93,100,974.61,28499.73,233.61
14:47,5.96,100,974.62,29810.46,244.36
14:48,5.95,100,974.57,32431.85,265.84
14:49,5.96,100,974.53,34397.89,281.96
14:50,5.96,100,974.54,36363.98,298.08
14:51,5.95,100,974.51,38985.39,319.56
14:52,5.95,100,974.5,41606.82,341.05
14:53,5.92,100,974.5,44228.26,362.54
14:54,5.96,100,974.51,46194.35,378.66
14:55,5.96,100,974.46,46849.66,384.03
14:56,5.91,100,974.46,46849.66,384.03
14:57,5.92,100,974.4200000000001,46849.62,384.03
14:58,5.92,100,974.41,46194.25,378.65
14:59,5.91,100,974.4,45538.88,373.28
15:00,5.93,100,974.38,44883.5,367.91
15:01,5.96,100,974.37,42917.41,351.79
15:02,5.96,100,974.4200000000001,42262.1,346.42
15:03,6.01,100,974.38,42917.42,351.79
15:04,6.01,100,974.37,44883.49,367.91
15:05,5.98,100,974.39,46194.23,378.65
15:06,5.96,100,974.39,46849.59,384.03
15:07,5.95,100,974.4,46849.6,384.03
15:08,5.98,100,974.41,46194.25,378.65
15:09,5.99,100,974.4,44883.52,367.91
15:10,5.99,100,974.38,46194.22,378.65
15:11,5.99,100,974.4,48815.68,400.14
15:12,5.92,100,974.41,52092.49,427
15:13,5.99,100,974.37,54058.53,443.12
15:14,6.02,100,974.4200000000001,57335.38,469.98
15:15,6.01,100,974.41,58646.09,480.72
15:16,6.02,100,974.4200000000001,57990.74,475.35
15:17,6.02,100,974.4300000000001,57335.39,469.98
15:18,6.08,100,974.39,57335.35,469.98
15:19,6.05,100,974.4200000000001,56680.02,464.61
15:20,6.03,100,974.4300000000001,56024.67,459.23
15:21,6.03,100,974.45,55369.33,453.86
15:22,6.02,100,974.4200000000001,53403.22,437.75
15:23,6.02,100,974.4200000000001,52092.5,427
15:24,6.03,100,974.44,50781.8,416.26
15:25,5.99,100,974.44,50126.44,410.89
15:26,6.01,100,974.4,50126.4,410.89
15:27,6.06,100,974.39,50126.39,410.89
15:28,6.06,100,974.41,49471.05,405.51
15:29,6.1,100,974.4,49471.04,405.51
15:30,6.1,100,974.38,48815.66,400.14
15:31,6.09,100,974.4200000000001,48815.7,400.14
15:32,6.13,100,974.46,47505.02,389.4
15:33,6.13,100,974.46,46849.66,384.03
15:34,6.16,100,974.49,46194.33,378.65
15:35,6.15,100,974.51,44883.63,367.91
15:36,6.16,100,974.5,42917.54,351.8
15:37,6.17,100,974.51,41606.83,341.05
15:38,6.17,100,974.52,40296.12,330.31
15:39,6.19,100,974.5500000000001,39640.79,324.94
15:40,6.23,100,974.5,38985.38,319.56
15:41,6.26,100,974.5500000000001,38330.07,314.19
15:42,6.27,100,974.52,37019.32,303.45
15:43,6.26,100,974.53,36363.97,298.08
15:44,6.24,100,974.52,35708.6,292.7
15:45,6.26,100,974.5500000000001,35053.27,287.33
15:46,6.24,100,974.51,35053.23,287.33
15:47,6.26,100,974.51,35708.59,292.7
15:48,6.24,100,974.5500000000001,36363.99,298.08
15:49,6.26,100,974.54,36363.98,298.08
15:50,6.27,100,974.52,36363.96,298.08
15:51,6.31,100,974.51,36363.95,298.08
Hora,Temperatura,Humidade,Pressao,Intensidade da Luz(lux),Intensidade da Luz(W/m2)
15:52,6.33,100,974.52,35708.6,292.7
15:53,6.31,100,974.5600000000001,35053.28,287.33
15:54,6.33,100,974.53,33742.53,276.59
15:55,6.31,100,974.53,33087.17,271.22
15:56,6.33,100,974.5500000000001,31776.47,260.47
15:57,6.37,100,974.5500000000001,31121.11,255.1
15:58,6.37,100,974.5600000000001,31121.12,255.1
15:59,6.38,100,974.54,30465.74,249.73
16:00,6.38,100,974.5600000000001,29810.4,244.36
16:01,6.37,100,974.54,28499.66,233.61
16:02,6.38,100,974.52,27844.28,228.24
16:03,6.37,100,974.5600000000001,26533.6,217.5
16:04,6.37,100,974.52,25878.2,212.12
16:05,6.4,100,974.53,25222.85,206.75
16:06,6.38,100,974.51,23912.11,196.01
16:07,6.38,100,974.52,22601.4,185.26
16:08,6.41,100,974.5600000000001,20635.36,169.15
16:09,6.41,100,974.53,18669.25,153.03
16:10,6.44,100,974.5600000000001,18013.92,147.66
16:11,6.45,100,974.54,18013.9,147.66
16:12,6.47,100,974.57,17358.57,142.29
16:13,6.47,100,974.5,17358.5,142.29
16:14,6.45,100,974.5600000000001,16703.2,136.92
16:15,6.49,100,974.52,15392.44,126.17
16:16,6.47,100,974.53,14737.09,120.8
16:17,6.49,100,974.5500000000001,14081.75,115.43
16:18,6.51,100,974.51,14081.71,115.43
16:19,6.51,100,974.58,13426.42,110.06
16:20,6.49,100,974.5500000000001,13426.39,110.06
16:21,6.51,100,974.48,12770.96,104.68
16:22,6.48,100,974.5500000000001,12771.03,104.68
16:23,6.51,100,974.53,12115.65,99.31
16:24,6.51,100,974.5500000000001,12115.67,99.31
16:25,6.51,100,974.52,12771,104.68
16:26,6.49,100,974.51,12770.99,104.68
16:27,6.49,100,974.5,13426.34,110.06
16:28,6.51,100,974.5,13426.34,110.06
16:29,6.49,100,974.47,14081.67,115.43
16:30,6.54,100,974.47,14737.03,120.8
16:31,6.52,100,974.47,14737.03,120.8
16:32,6.54,100,974.45,14737.01,120.8
16:33,6.54,100,974.47,14737.03,120.8
16:34,6.54,100,974.47,14737.03,120.8
16:35,6.58,100,974.47,14081.67,115.43
16:36,6.57,100,974.49,13426.33,110.06
16:37,6.55,100,974.5,13426.34,110.06
16:38,6.58,100,974.49,12115.61,99.31
16:39,6.59,100,974.47,11460.23,93.94
16:40,6.59,100,974.47,11460.23,93.94
16:41,6.59,100,974.46,10804.86,88.57
16:42,6.58,100,974.5,10804.9,88.57
16:43,6.61,100,974.51,10804.91,88.57
16:44,6.63,100,974.5,10149.54,83.2
16:45,6.63,100,974.48,10149.52,83.2
16:46,6.63,100,974.5,9494.18,77.82
16:47,6.63,100,974.5,9494.18,77.82
16:48,6.63,100,974.5,8838.82,72.45
16:49,6.64,100,974.5,8183.46,67.08
16:50,6.65,100,974.47,7528.07,61.71
16:51,6.63,100,974.48,6872.72,56.34
16:52,6.67,100,974.51,6217.39,50.96
16:53,6.7,100,974.47,5561.99,45.59
16:54,6.68,100,974.47,5561.99,45.59
16:55,6.7,100,974.48,4906.64,40.22
16:56,6.68,100,974.49,4251.29,34.85
16:57,6.68,100,974.48,4251.28,34.85
16:58,6.7,100,974.47,4251.27,34.85
16:59,6.68,100,974.45,2285.17,18.73
17:00,6.68,100,974.46,2285.18,18.73
17:01,6.67,100,974.47,1629.83,13.36
17:02,6.65,100,974.45,1629.81,13.36
17:03,6.64,100,974.44,1629.8,13.36
17:04,6.68,100,974.44,1629.8,13.36
17:05,6.67,100,974.48,974.48,7.99
17:06,6.67,100,974.46,974.46,7.99
17:07,6.67,100,974.4300000000001,974.43,7.99
17:08,6.65,100,974.4300000000001,974.43,7.99
17:09,6.68,100,974.4300000000001,974.43,7.99
17:10,6.7,100,974.4,319.04,2.62
17:11,6.68,100,974.4300000000001,319.07,2.62
17:12,6.7,100,974.4200000000001,319.06,2.62
17:13,6.67,100,974.4300000000001,319.07,2.62
17:14,6.68,100,974.4200000000001,319.06,2.62
17:15,6.7,100,974.46,319.1,2.62
17:16,6.71,100,974.44,319.08,2.62
17:17,6.7,100,974.46,319.1,2.62
17:18,6.67,100,974.44,319.08,2.62
17:19,6.68,100,974.48,319.12,2.62
17:20,6.7,100,974.45,319.09,2.62
17:21,6.68,100,974.47,319.11,2.62
17:22,6.67,100,974.5,319.14,2.62
17:23,6.65,100,974.5,319.14,2.62
17:24,6.67,100,974.47,319.11,2.62
17:25,6.67,100,974.47,319.11,2.62
17:26,6.64,100,974.47,319.11,2.62
17:27,6.68,100,974.46,319.1,2.62
17:28,6.67,100,974.5,319.14,2.62
17:29,6.67,100,974.48,319.12,2.62
17:30,6.65,100,974.51,319.15,2.62
17:31,6.65,100,974.49,319.13,2.62
17:32,6.64,100,974.48,319.12,2.62
17:33,6.7,100,974.51,319.15,2.62
17:34,6.7,100,974.48,319.12,2.62
17:35,6.68,100,974.49,319.13,2.62
17:36,6.71,100,974.46,319.1,2.62
17:37,6.72,100,974.47,319.11,2.62
17:38,6.71,100,974.46,319.1,2.62
17:39,6.68,100,974.44,319.08,2.62
17:40,6.71,100,974.45,319.09,2.62
17:41,6.72,100,974.49,319.13,2.62
17:42,6.74,100,974.41,319.05,2.62
17:43,6.71,100,974.46,319.1,2.62
17:44,6.74,100,974.44,319.08,2.62
17:45,6.75,100,974.39,319.03,2.62
17:46,6.74,100,974.4200000000001,319.06,2.62
17:47,6.75,100,974.45,319.09,2.62
17:48,6.76,100,974.45,319.09,2.62
17:49,6.76,100,974.45,319.09,2.62
17:50,6.78,100,974.44,319.08,2.62
17:51,6.79,100,974.4300000000001,319.07,2.62
17:52,6.78,100,974.44,319.08,2.62
17:53,6.79,100,974.4300000000001,319.07,2.62
17:54,6.81,100,974.4300000000001,319.07,2.62
17:55,6.82,100,974.48,319.12,2.62
17:56,6.86,100,974.45,319.09,2.62
17:57,6.88,100,974.46,319.1,2.62
17:58,6.86,100,974.46,319.1,2.62
17:59,6.89,100,974.48,319.12,2.62
18:00,6.86,100,974.51,319.15,2.62
18:01,6.89,100,974.49,319.13,2.62
18:02,6.91,100,974.5,319.14,2.62
18:03,6.91,100,974.5500000000001,319.19,2.62
18:04,6.88,100,974.5500000000001,319.19,2.62
18:05,6.91,100,974.5500000000001,319.19,2.62
18:06,6.89,100,974.53,319.17,2.62
18:07,6.92,100,974.57,319.21,2.62
18:08,6.88,100,974.61,319.25,2.62
18:09,6.91,100,974.63,319.27,2.62
18:10,6.88,100,974.63,319.27,2.62
18:11,6.91,100,974.6800000000001,319.32,2.62
18:12,6.88,100,974.69,319.33,2.62
18:13,6.88,100,974.64,319.28,2.62
18:14,6.89,100,974.62,319.26,2.62
18:15,6.89,100,974.65,319.29,2.62
18:16,6.89,100,974.64,319.28,2.62
18:17,6.89,100,974.65,319.29,2.62
18:18,6.88,100,974.63,319.27,2.62
18:19,6.89,100,974.62,319.26,2.62
18:20,6.88,100,974.6800000000001,319.32,2.62
18:21,6.89,100,974.66,319.3,2.62
18:22,6.86,100,974.6700000000001,319.31,2.62
18:23,6.82,100,974.65,319.29,2.62
18:24,6.85,100,974.7,319.34,2.62
18:25,6.85,100,974.6700000000001,319.31,2.62
18:26,6.84,100,974.6700000000001,319.31,2.62
18:27,6.84,100,974.6800000000001,319.32,2.62
18:28,6.84,100,974.7,319.34,2.62
18:29,6.82,100,974.6700000000001,319.31,2.62
18:30,6.85,100,974.6700000000001,319.31,2.62
18:31,6.85,100,974.63,319.27,2.62
18:32,6.85,100,974.65,319.29,2.62
18:33,6.82,100,974.6800000000001,319.32,2.62
18:34,6.82,100,974.63,319.27,2.62
18:35,6.81,100,974.63,319.27,2.62
18:36,6.82,100,974.64,319.28,2.62
18:37,6.84,100,974.66,319.3,2.62
18:38,6.82,100,974.63,319.27,2.62
18:39,6.85,100,974.6800000000001,319.32,2.62
18:40,6.82,100,974.66,319.3,2.62
18:41,6.81,100,974.6800000000001,319.32,2.62
18:42,6.82,100,974.64,319.28,2.62
18:43,6.82,100,974.6700000000001,319.31,2.62
18:44,6.81,100,974.71,319.35,2.62
18:45,6.81,100,974.69,319.33,2.62
18:46,6.82,100,974.6800000000001,319.32,2.62
18:47,6.78,100,974.66,319.3,2.62
18:48,6.82,100,974.64,319.28,2.62
18:49,6.81,100,974.64,319.28,2.62
18:50,6.85,100,974.6800000000001,319.32,2.62
18:51,6.85,100,974.69,319.33,2.62
18:52,6.85,100,974.71,319.35,2.62
18:53,6.85,100,974.7,319.34,2.62
18:54,6.85,100,974.6800000000001,319.32,2.62
18:55,6.84,100,974.71,319.35,2.62
18:56,6.85,100,974.6800000000001,319.32,2.62
18:57,6.82,100,974.71,319.35,2.62
18:58,6.84,100,974.64,319.28,2.62
18:59,6.85,100,974.65,319.29,2.62
19:00,6.85,100,974.59,319.23,2.62
19:01,6.86,100,974.65,319.29,2.62
19:02,6.88,100,974.6,319.24,2.62
19:03,6.91,100,974.6,319.24,2.62
19:04,6.88,100,974.53,319.17,2.62
19:05,6.88,100,974.53,319.17,2.62
19:06,6.89,100,974.51,319.15,2.62
19:07,6.88,100,974.5500000000001,319.19,2.62
19:08,6.91,100,974.52,319.16,2.62
19:09,6.89,100,974.57,319.21,2.62
19:10,6.89,100,974.5,319.14,2.62
19:11,6.91,100,974.5,319.14,2.62
19:12,6.92,100,974.5,319.14,2.62
19:13,6.89,100,974.51,319.15,2.62
19:14,6.92,100,974.44,319.08,2.62
19:15,6.93,100,974.48,319.12,2.62
19:16,6.92,100,974.4300000000001,319.07,2.62
19:17,6.96,100,974.4300000000001,319.07,2.62
19:18,6.99,100,974.4200000000001,319.06,2.62
19:19,6.93,100,974.4300000000001,319.07,2.62
19:20,6.95,100,974.4200000000001,319.06,2.62
19:21,6.96,100,974.44,319.08,2.62
19:22,6.95,100,974.44,319.08,2.62
19:23,6.96,100,974.4300000000001,319.07,2.62
19:24,6.98,100,974.45,319.09,2.62
19:25,6.98,100,974.44,319.08,2.62
19:26,6.99,100,974.46,319.1,2.62
19:27,7,100,974.45,319.09,2.62
19:28,7.02,100,974.41,319.05,2.62
19:29,7.02,100,974.37,319.01,2.61
19:30,7.02,100,974.41,319.05,2.62
19:31,7.05,100,974.4300000000001,319.07,2.62
19:32,7.03,100,974.4300000000001,319.07,2.62
19:33,7.05,100,974.4300000000001,319.07,2.62
19:34,7.03,100,974.39,319.03,2.62
19:35,7.05,100,974.4200000000001,319.06,2.62
19:36,7.06,100,974.44,319.08,2.62
19:37,7.06,100,974.46,319.1,2.62
19:38,7.06,100,974.46,319.1,2.62
19:39,7.03,100,974.48,319.12,2.62
19:40,7.06,100,974.49,319.13,2.62
19:41,7.07,100,974.5500000000001,319.19,2.62
19:42,7.06,100,974.53,319.17,2.62
19:43,7.09,100,974.54,319.18,2.62
19:44,7.1,100,974.51,319.15,2.62
19:45,7.07,100,974.52,319.16,2.62
19:46,7.07,100,974.5500000000001,319.19,2.62
19:47,7.1,100,974.53,319.17,2.62
19:48,7.1,100,974.58,319.22,2.62
19:49,7.06,100,974.62,319.26,2.62
19:50,7.07,100,974.62,319.26,2.62
19:51,7.09,100,974.6,319.24,2.62
19:52,7.09,100,974.6,319.24,2.62
19:53,7.1,100,974.6800000000001,319.32,2.62
19:54,7.09,100,974.66,319.3,2.62
19:55,7.07,100,974.6700000000001,319.31,2.62
19:56,7.05,100,974.6700000000001,319.31,2.62
19:57,7.05,100,974.69,319.33,2.62
19:58,7.09,100,974.7,319.34,2.62
19:59,7.05,100,974.72,319.36,2.62
20:00,7.05,100,974.74,319.38,2.62
20:01,7.05,100,974.75,319.39,2.62
20:02,7.07,100,974.75,319.39,2.62
20:03,7.09,100,974.79,319.43,2.62
20:04,7.05,100,974.8000000000001,319.44,2.62
20:05,7.03,100,974.76,319.4,2.62
20:06,6.99,100,974.82,319.46,2.62
20:07,6.99,100,974.84,319.48,2.62
20:08,6.99,100,974.78,319.42,2.62
20:09,6.95,100,974.83,319.47,2.62
20:10,6.95,100,974.83,319.47,2.62
20:11,6.93,100,974.8100000000001,319.45,2.62
20:12,6.95,100,974.76,319.4,2.62
20:13,6.98,100,974.76,319.4,2.62
20:14,6.96,100,974.8100000000001,319.45,2.62
20:15,6.95,100,974.8100000000001,319.45,2.62
20:16,6.96,100,974.85,319.49,2.62
20:17,6.96,100,974.78,319.42,2.62
20:18,6.98,100,974.87,319.51,2.62
20:19,6.98,100,974.89,319.53,2.62
20:20,6.98,100,974.82,319.46,2.62
20:21,6.96,100,974.82,319.46,2.62
20:22,6.93,100,974.91,319.55,2.62
20:23,6.96,100,974.94,319.58,2.62
20:24,6.93,100,974.95,319.59,2.62
20:25,6.93,100,974.9300000000001,319.57,2.62
20:26,6.92,100,974.96,319.6,2.62
20:27,6.92,100,974.95,319.59,2.62
20:28,6.91,100,974.96,319.6,2.62
20:29,6.92,100,974.97,319.61,2.62
20:30,6.92,100,974.96,319.6,2.62
20:31,6.89,100,975,319.64,2.62
20:32,6.88,100,974.98,319.62,2.62
20:33,6.89,100,975,319.64,2.62
20:34,6.85,100,974.99,319.63,2.62
20:35,6.88,100,974.98,319.62,2.62
20:36,6.86,100,975.02,319.66,2.62
20:37,6.86,100,974.99,319.63,2.62
20:38,6.82,100,974.95,319.59,2.62
20:39,6.84,100,975.01,319.65,2.62
20:40,6.82,100,975.01,319.65,2.62
20:41,6.79,100,975,319.64,2.62
20:42,6.79,100,975.0500000000001,319.69,2.62
20:43,6.78,100,975.02,319.66,2.62
20:44,6.79,100,975,319.64,2.62
20:45,6.79,100,975.02,319.66,2.62
20:46,6.76,100,975.0500000000001,319.69,2.62
20:47,6.78,100,975.08,319.72,2.62
20:48,6.82,100,975.12,319.76,2.62
20:49,6.79,100,975.14,319.78,2.62
20:50,6.81,100,975.1,319.74,2.62
20:51,6.82,100,975.07,319.71,2.62
20:52,6.82,100,975.11,319.75,2.62
20:53,6.79,100,975.0600000000001,319.7,2.62
20:54,6.79,100,975.1,319.74,2.62
20:55,6.81,100,975.0500000000001,319.69,2.62
20:56,6.82,100,975.04,319.68,2.62
20:57,6.81,100,975.1,319.74,2.62
20:58,6.82,100,975.0600000000001,319.7,2.62
20:59,6.82,100,975.09,319.73,2.62
21:00,6.82,100,975.0500000000001,319.69,2.62
21:01,6.82,100,975.01,319.65,2.62
21:02,6.84,100,975.0500000000001,319.69,2.62
21:03,6.84,100,975.08,319.72,2.62
21:04,6.84,100,975.04,319.68,2.62
21:05,6.84,100,975.07,319.71,2.62
21:06,6.85,100,975.07,319.71,2.62
21:07,6.84,100,975.04,319.68,2.62
21:08,6.84,100,975.01,319.65,2.62
21:09,6.84,100,975.01,319.65,2.62
21:10,6.84,100,975.09,319.73,2.62
21:11,6.85,100,975.1,319.74,2.62
21:12,6.86,100,975.1,319.74,2.62
21:13,6.86,100,975.09,319.73,2.62
21:14,6.85,100,975.09,319.73,2.62
21:15,6.89,100,975.09,319.73,2.62
21:16,6.88,100,975.15,319.79,2.62
21:17,6.89,100,975.15,319.79,2.62
21:18,6.91,100,975.14,319.78,2.62
21:19,6.89,100,975.14,319.78,2.62
21:20,6.92,100,975.15,319.79,2.62
21:21,6.95,100,975.1700000000001,319.81,2.62
21:22,6.95,100,975.15,319.79,2.62
21:23,6.98,100,975.19,319.83,2.62
21:24,6.98,100,975.19,319.83,2.62
21:25,7,100,975.1700000000001,319.81,2.62
21:26,7.02,100,975.23,319.87,2.62
21:27,7.05,100,975.25,319.89,2.62
21:28,7.03,100,975.24,319.88,2.62
21:29,7.05,100,975.22,319.86,2.62
21:30,7.06,100,975.23,319.87,2.62
21:31,7.03,100,975.26,319.9,2.62
21:32,7.03,100,975.25,319.89,2.62
21:33,7.03,100,975.28,319.92,2.62
21:34,7.03,100,975.29,319.93,2.62
21:35,7.03,100,975.28,319.92,2.62
21:36,7.02,100,975.28,319.92,2.62
21:37,7.06,100,975.32,319.96,2.62
21:38,7.05,100,975.35,319.99,2.62
21:39,7.06,100,975.35,319.99,2.62
21:40,7.09,100,975.38,320.02,2.62
21:41,7.1,100,975.41,320.05,2.62
21:42,7.14,100,975.39,320.03,2.62
21:43,7.19,100,975.47,320.11,2.62
21:44,7.2,100,975.49,320.13,2.62
21:45,7.24,100,975.48,320.12,2.62
21:46,7.26,100,975.45,320.09,2.62
21:47,7.31,100,975.49,320.13,2.62
21:48,7.35,100,975.4200000000001,320.06,2.62
21:49,7.38,100,975.49,320.13,2.62
21:50,7.38,100,975.54,320.18,2.62
21:51,7.41,100,975.51,320.15,2.62
21:52,7.46,100,975.54,320.18,2.62
21:53,7.47,100,975.5500000000001,320.19,2.62
21:54,7.51,100,975.58,320.22,2.62
21:55,7.53,100,975.5600000000001,320.2,2.62
21:56,7.53,100,975.58,320.22,2.62
21:57,7.53,100,975.6,320.24,2.63
21:58,7.53,100,975.63,320.27,2.63
21:59,7.51,100,975.59,320.23,2.62
22:00,7.53,100,975.64,320.28,2.63
22:01,7.54,100,975.66,320.3,2.63
22:02,7.54,100,975.66,320.3,2.63
22:03,7.58,100,975.61,320.25,2.63
22:04,7.54,100,975.66,320.3,2.63
22:05,7.54,100,975.63,320.27,2.63
22:06,7.51,100,975.66,320.3,2.63
22:07,7.54,100,975.6800000000001,320.32,2.63
22:08,7.57,100,975.69,320.33,2.63
22:09,7.56,100,975.6800000000001,320.32,2.63
22:10,7.56,100,975.6800000000001,320.32,2.63
22:11,7.56,100,975.7,320.34,2.63
22:12,7.58,100,975.72,320.36,2.63
22:13,7.58,100,975.69,320.33,2.63
22:14,7.58,100,975.72,320.36,2.63
22:15,7.61,100,975.73,320.37,2.63
22:16,7.67,100,975.72,320.36,2.63
22:17,7.67,100,975.72,320.36,2.63
22:18,7.71,100,975.71,320.35,2.63
22:19,7.74,100,975.69,320.33,2.63
22:20,7.75,100,975.71,320.35,2.63
22:21,7.76,100,975.78,320.42,2.63
22:22,7.74,100,975.83,320.47,2.63
22:23,7.72,100,975.84,320.48,2.63
22:24,7.72,100,975.85,320.49,2.63
22:25,7.71,100,975.84,320.48,2.63
22:26,7.68,100,975.89,320.53,2.63
22:27,7.65,100,975.91,320.55,2.63
22:28,7.65,100,975.89,320.53,2.63
22:29,7.61,100,975.91,320.55,2.63
22:30,7.65,100,975.9200000000001,320.56,2.63
22:31,7.64,100,975.9,320.54,2.63
22:32,7.68,100,975.83,320.47,2.63
22:33,7.68,100,975.8000000000001,320.44,2.63
22:34,7.68,100,975.79,320.43,2.63
22:35,7.68,100,975.77,320.41,2.63
22:36,7.67,100,975.79,320.43,2.63
22:37,7.64,100,975.8000000000001,320.44,2.63
22:38,7.67,100,975.74,320.38,2.63
22:39,7.64,100,975.75,320.39,2.63
22:40,7.61,100,975.76,320.4,2.63
22:41,7.64,100,975.74,320.38,2.63
22:42,7.62,100,975.8000000000001,320.44,2.63
22:43,7.64,100,975.74,320.38,2.63
22:44,7.62,100,975.79,320.43,2.63
22:45,7.62,100,975.8100000000001,320.45,2.63
22:46,7.62,100,975.83,320.47,2.63
22:47,7.65,100,975.84,320.48,2.63
22:48,7.67,100,975.84,320.48,2.63
22:49,7.65,100,975.85,320.49,2.63
22:50,7.65,100,975.88,320.52,2.63
22:51,7.68,100,975.88,320.52,2.63
22:52,7.71,100,975.87,320.51,2.63
22:53,7.69,100,975.91,320.55,2.63
22:54,7.71,100,975.9200000000001,320.56,2.63
22:55,7.69,100,975.89,320.53,2.63
22:56,7.71,100,975.9200000000001,320.56,2.63
22:57,7.72,100,975.86,320.5,2.63
22:58,7.71,100,975.86,320.5,2.63
22:59,7.71,100,975.9300000000001,320.57,2.63
23:00,7.72,100,975.91,320.55,2.63
23:01,7.76,100,975.95,320.59,2.63
23:02,7.78,99.88,975.98,320.62,2.63
23:03,7.78,99.51,976,320.64,2.63
23:04,7.81,99.31,976.03,320.67,2.63
23:05,7.82,98.7,976.03,320.67,2.63
23:06,7.84,98.73,976.04,320.68,2.63
23:07,7.84,98.57,976.04,320.68,2.63
23:08,7.86,98.55,976.09,320.73,2.63
23:09,7.85,98.45,976.0600000000001,320.7,2.63
23:10,7.84,98.59,976.04,320.68,2.63
23:11,7.82,98.5,976.08,320.72,2.63
23:12,7.84,98.67,976.09,320.73,2.63
23:13,7.82,98.75,976.14,320.78,2.63
23:14,7.82,98.93,976.12,320.76,2.63
23:15,7.79,99.13,976.12,320.76,2.63
23:16,7.78,99.31,976.16,320.8,2.63
23:17,7.75,99.36,976.1700000000001,320.81,2.63
23:18,7.75,99.46,976.1700000000001,320.81,2.63
23:19,7.74,99.55,976.1700000000001,320.81,2.63
23:20,7.74,99.67,976.1700000000001,320.81,2.63
23:21,7.74,99.79,976.1,320.74,2.63
23:22,7.69,99.87,976.14,320.78,2.63
23:23,7.68,99.95,976.13,320.77,2.63
23:24,7.68,99.98,976.12,320.76,2.63
23:25,7.68,100,976.12,320.76,2.63
23:26,7.67,100,976.16,320.8,2.63
23:27,7.64,100,976.1,320.74,2.63
23:28,7.61,100,976.15,320.79,2.63
23:29,7.61,100,976.11,320.75,2.63
23:30,7.62,100,976.13,320.77,2.63
23:31,7.62,100,976.09,320.73,2.63
23:32,7.6,100,976.1,320.74,2.63
23:33,7.6,100,976.1,320.74,2.63
23:34,7.6,100,976.13,320.77,2.63
23:35,7.6,100,976.1700000000001,320.81,2.63
23:36,7.6,100,976.15,320.79,2.63
23:37,7.56,100,976.15,320.79,2.63
23:38,7.57,100,976.1700000000001,320.81,2.63
23:39,7.57,100,976.16,320.8,2.63
23:40,7.58,100,976.15,320.79,2.63
23:41,7.58,100,976.19,320.83,2.63
23:42,7.6,100,976.1800000000001,320.82,2.63
23:43,7.58,100,976.25,320.89,2.63
23:44,7.6,100,976.29,320.93,2.63
23:45,7.6,100,976.34,320.98,2.63
23:46,7.6,100,976.4,321.04,2.63
23:47,7.6,100,976.35,320.99,2.63
23:48,7.57,100,976.35,320.99,2.63
23:49,7.57,100,976.34,320.98,2.63
23:50,7.56,100,976.34,320.98,2.63
23:51,7.5,100,976.35,320.99,2.63
23:52,7.41,100,976.36,321,2.63
23:53,7.34,100,976.38,321.02,2.63
23:54,7.3,100,976.39,321.03,2.63
23:55,7.24,100,976.38,321.02,2.63
23:56,7.23,100,976.33,320.97,2.63
23:57,7.17,100,976.32,320.96,2.63
23:58,7.14,100,976.34,320.98,2.63
23:59,7.12,100,976.29,320.93,2.63
